PAA,TIMES,ANSWER
costco有賣滴雞精嗎？,1,"結論：有，但不一定每家門市、也不一定全年都有
販售通路：Costco（好市多）
商品型態：滴雞精／熬雞精（多為知名品牌禮盒）
保存方式：常溫保存
上架特性：非全年固定品項，多為檔期或區域性上架
常見檔期：年節、母親節等送禮旺季
包裝特點：大容量組合包
價格優勢：單包平均價格較低
適合情境：已有固定飲用需求、希望一次大量購買
確認方式：線上購物平台、門市電話詢問、現場查看保健品或禮盒區
替代建議：若需全年穩定購買，可選藥妝店或品牌官網"
什麼樣的人不能喝滴雞精？,1,"結論：	並非所有人都適合喝滴雞精，特定體質或疾病狀況者應避免或先諮詢醫師
腎臟疾病患者：	滴雞精屬高蛋白、高含氮食品，可能增加腎臟代謝負擔
痛風或高尿酸者：可能含較高普林，易誘發痛風發作
肝功能異常者：肝臟代謝負擔較重，不宜自行長期補充
高血壓或需限鈉者：部分產品鈉含量偏高，可能影響血壓控制
對雞肉或動物性蛋白過敏者：可能引發過敏反應
發炎或急性疾病期間：身體處於發炎狀態時，補充高營養品未必合適
嬰幼兒：營養需求與成人不同，不建議自行飲用成人補品
孕婦或哺乳期婦女：原則上可補充，但應先諮詢醫師或營養師確認適量"
田原香原味滴雞精評價？,1,"結論：整體評價偏正面，主打成分單純、口感清爽，適合初次或長期飲用者
品牌名稱：田原香原味滴雞精
主要特色：無添加中藥材與調味，成分單純
口感評價：雞味自然、不油膩、腥味低
接受度：普遍認為順口，對怕腥味者相對友善
成分取向：僅以雞隻萃取為主，無額外滋補配方
補養強度：屬溫和型補品，非高強度進補
適合族群：日常保養、術後恢復初期、長期上班族
不適合族群：期待快速強效進補者
價格定位：中高價位，屬品牌型滴雞精
常見回購原因：口感穩定、成分安心、飲用負擔低
常見負評重點：價格偏高、滋補感不明顯
整體CP值評估：重視品質與溫和補養者認為值得"
田原香滴雞精功效？,1,"結論：屬於溫和型滋補食品，主要功效為補充營養、增強體力與促進恢復
補充蛋白質：提供優質動物性蛋白，有助於體力與肌肉修復
提升精神與元氣：適合疲勞、作息不規律時作為日常營養補充
促進術後或病後恢復：在食慾不佳或進食量有限時，提供濃縮營養來源
溫和補養：未添加中藥材，較不易燥熱，適合長期飲用
支持免疫與代謝：補充胺基酸與營養素，有助於身體正常代謝機能
腸胃負擔低：口感清爽、不油膩，對腸胃敏感者接受度較高
適合日常保養：非短期強效進補，適合穩定、持續補養"
全聯有賣滴雞精嗎？,1,"結論：有，全聯部分門市與檔期會販售滴雞精
商品型態：滴雞精／熬雞精（以常溫包裝、小盒裝為主）
上架特性：非全年固定品項，依門市與檔期調整
常見檔期：年節、母親節、促銷檔期
價格定位：中價位，常有促銷活動
包裝特點：單包或小組合，適合日常補充
查詢方式：全聯門市現場、全聯線上購物
替代建議：若門市未上架，可改至藥妝店或品牌官網"
老協珍滴雞精月經來可以喝嗎？,1,"結論：多數情況下可以喝，但須視個人體質與產品配方而定
經期飲用原則：若為原味滴雞精、無中藥添加，一般可於月經期間飲用
體質考量：體質偏寒、經期易不適者，少量飲用通常可接受
需注意配方：含人蔘、當歸、四物等中藥配方者，經期期間不建議飲用
可能不適情況：若出現經血量增加、腹痛加劇或不適，應立即停用
建議飲用量：經期期間可減量飲用，避免大量或連續補充
較佳飲用時點：經期結束後或經後調養階段更適合補養
保守建議：體質特殊或有婦科疾病者，建議先諮詢醫師或中醫師"
老協珍滴雞精要冰嗎？,1,"結論：未開封不需要冷藏，開封後必須冷藏並儘快飲用
未開封保存：常溫保存即可，避免高溫與陽光直射
保存原因：經高溫高壓滅菌處理，屬常溫保存食品
開封後處理：需立即冷藏
冷藏溫度：約 0–7°C
開封後保存時間：建議 24 小時內飲用完畢
是否可再加熱：可以，建議隔水加熱，避免直接微波過久
外出攜帶注意：未開封可常溫攜帶，避免長時間高溫環境
常見誤解：並非所有滴雞精都需要冷藏，是否冷藏取決於是否已開封"
老協珍熬雞精什麼時候喝？,1,"結論：以空腹或兩餐之間飲用吸收較佳，依需求可調整時段
最佳飲用時機：早上起床後空腹，吸收效率較高
次佳時機：兩餐之間飲用，避免與正餐大量食物同時攝取
避免時段：睡前大量飲用，可能影響腸胃負擔
體力補充需求：感到疲勞、加班前後、體力消耗大時可飲用
調養型飲用方式：連續每日固定時間飲用，效果較穩定
經期飲用建議：經期可喝原味款，避免含中藥配方
加熱建議：隔水加熱至溫熱即可，避免高溫久煮
飲用頻率：一般保養可每日 1 包，視個人需求調整"
老協珍熬雞精什麼時候喝最好？,1,"結論：早上空腹飲用效果最好，其次為兩餐之間
最佳時段：早上起床後空腹，吸收效率較佳
次佳時段：兩餐之間飲用，避免與正餐同時攝取
避免時段：睡前大量飲用，可能增加腸胃負擔
補充體力情境：加班前後、熬夜、體力消耗大時可飲用
調養型飲用方式：每日固定時間連續飲用，效果較穩定
經期飲用建議：經期可選原味款，避免含中藥配方
加熱方式建議：隔水加熱至溫熱即可，避免久煮或過度微波
建議頻率：一般保養每日 1 包，視個人需求調整"
老協珍熬雞精可以微波嗎？,1,"結論：可以微波，但需倒出容器並避免過度加熱
是否可微波：可以，但不可連同原包裝直接微波
正確微波方式：倒入可微波容器後再加熱
建議微波時間：約 30–60 秒，視微波爐功率調整
加熱目標溫度：溫熱即可，避免沸騰
不建議原因：過度高溫可能影響風味與營養穩定性
較佳加熱方式：隔水加熱，溫度較均勻且不易過熱
常見錯誤：連袋微波、加熱過久導致噴濺或變質
安全提醒：加熱後攪拌確認溫度，避免燙口"
屈臣氏有賣娘家滴雞精嗎？,1,"結論：有，屈臣氏部分門市與線上通路有販售娘家滴雞精
商品型態：滴雞精（多為常溫包裝，小盒或禮盒組）
上架特性：非所有門市固定販售，依門市與檔期調整
常見檔期：母親節、年節、保健品促銷檔期
價格定位：中高價位，檔期常有折扣或加購活動
查詢方式：屈臣氏線上購物、門市現場詢問
替代建議：若門市缺貨，可至品牌官網或大型藥妝通路選購"
芳茲滴雞精全聯有賣嗎？,1,"結論：不一定，全聯僅部分門市或特定檔期可能販售芳茲滴雞精
上架特性：非全年固定品項，依門市與檔期調整
常見檔期：年節、母親節、保健品促銷檔期
商品型態：滴雞精（多為常溫包裝，小盒或禮盒）
價格定位：中高價位，檔期可能有優惠
查詢方式：全聯門市現場詢問、全聯線上購物
替代建議：若全聯未上架，可至品牌官網、藥妝店或電商平台選購"
芳茲滴雞精評價？,1,"結論：整體評價偏正面，主打成分單純、口感清爽，定位為溫和型日常補養
主要特色：無中藥添加，成分取向單純
口感評價：清爽不油膩，雞味自然，腥味低
接受度：對初次飲用或怕腥味者較友善
補養強度：屬溫和補養，非高強度進補
成分取向：以雞隻萃取為主，無額外滋補配方
適合族群：上班族日常保養、體力消耗後補充
不適合族群：期待短期強效滋補者
價格定位：中高價位，視通路與檔期而異
常見回購原因：口感穩定、成分安心、飲用負擔低
常見負評重點：價格偏高、滋補感受較溫和
整體CP值評估：重視口感與長期補養者認為合理"
哪一牌的滴雞精比較好？,1,"結論：沒有絕對最好，需依補養目的、口感偏好與預算選擇
老協珍：補養力較強、口感濃厚，適合術後、產後或體力明顯下降者
娘家：主打女性與孕哺族群，口感順口，適合日常補養與送禮
田原香：成分單純、口感清爽，適合長期飲用與怕腥味者
芳茲：溫和型定位，接受度高，適合上班族日常保養
白蘭氏：品牌知名度高、通路廣，適合第一次嘗試或臨時補充補養力排序：老協珍 ＞ 娘家 ＞ 田原香 ? 芳茲
口感清爽度：田原香 ? 芳茲 ＞ 娘家 ＞ 老協珍
價格帶概念：老協珍、娘家（偏高）／田原香、芳茲（中高）
選擇建議：需要快速補養選老協珍；日常保養選田原香或芳茲；送禮或女性調養選娘家"
娘家滴雞精功效？,1,"結論：屬於溫和且針對女性族群設計的滋補食品，重點在補充營養與日常調養
補充蛋白質：提供優質動物性蛋白，有助於體力維持與身體修復
補充元氣與體力：適合疲勞、精神不濟、工作壓力大時補充
女性調養取向：配方與行銷定位多著重於女性日常保養
孕期與哺乳期支持：可作為營養補充來源，實際飲用前建議確認個人狀況
促進恢復：適合產後、病後或體力消耗後作為溫和補養
溫和不燥熱：相較含中藥材補品，刺激性較低
腸胃負擔較低：口感順口，對腸胃敏感者接受度高
補養強度定位：屬日常型補養，非短期強效進補"
娘家滴雞精全聯有賣嗎？,1,"結論：有，全聯部分門市與特定檔期會販售娘家滴雞精
上架特性：非全年固定品項，依門市與檔期調整
常見檔期：年節、母親節、保健品促銷期間
商品型態：常溫包裝，單盒或禮盒組
價格定位：中高價位，檔期常有優惠
查詢方式：門市現場詢問或全聯線上購物
替代建議：若門市未上架，可至品牌官網、藥妝通路或電商平台選購"
農純鄉滴雞精一天幾包？,1,"結論：一般日常保養一天1包即可，特殊需求可視情況調整
日常保養建議：一天1包，作為穩定營養補充
體力消耗較大：一天1–2包，例如加班、熬夜、運動後
術後或病後恢復期：一天2包，短期補充，建議依醫師建議調整
孕期或哺乳期：通常一天1包即可，飲用前建議評估個人狀況
不建議過量：長期每日超過2包，可能增加蛋白質代謝負擔
較佳飲用時機：早上空腹或兩餐之間，吸收效果較佳
注意事項：若有腎臟疾病、痛風或特殊體質，飲用前建議諮詢醫師"
滴雞精 什麼時候喝 ptt？,1,"結論：PTT 多數網友認為早上空腹喝效果最好，其次為兩餐之間
最佳時機：早上起床後空腹飲用，吸收效率佳、較不浪費營養
次佳時機：兩餐之間飲用，避免與正餐大量食物一起攝取
疲勞補充情境：加班前後、熬夜後、體力消耗大時飲用
經期相關建議：多數建議經期可喝原味款，避免含中藥配方
睡前飲用看法：部分網友認為不建議大量飲用，可能增加腸胃負擔
加熱方式共識：隔水加熱或倒出微波，避免過熱
飲用頻率觀點：日常保養一天1包即可，非必要不需過量"
滴雞精 和雞精差在哪？,1,"結論：滴雞精偏向天然營養補充，雞精偏向快速提神與機能性補給，定位與用途不同
原料來源差異：滴雞精以整隻雞長時間滴煉萃取，雞精多為雞肉萃取液再經加工
製作方式差異：滴雞精採低度加工、強調原型食材，雞精通常經濃縮與調配
成分取向：滴雞精以天然蛋白質與胺基酸為主，雞精可能含調味或機能性成分
口感差異：滴雞精口感較清爽、雞味自然，雞精味道較濃厚明顯
補養強度定位：滴雞精屬溫和型日常補養，雞精偏短期快速補充體力
適合飲用族群：滴雞精適合長期保養、術後或體力恢復期，雞精適合考試、熬夜、短期提神
腸胃負擔：滴雞精相對溫和，雞精對部分人可能較刺激
飲用頻率建議：滴雞精可長期每日飲用，雞精較不建議長期大量飲用"
滴雞精什麼人不適合？,5,"結論：並非所有人都適合喝滴雞精，特定疾病、體質或生理狀況者應避免或先諮詢專業意見
腎臟疾病患者：滴雞精屬高蛋白、高含氮食品，可能增加腎臟代謝負擔
痛風或高尿酸者：部分滴雞精含普林，可能誘發痛風發作
肝功能異常者：肝臟代謝負擔較重，不建議自行長期補充
需嚴格限蛋白飲食者：如特定慢性病患者，不適合額外補充高蛋白補品
對雞肉或動物性蛋白過敏者：可能引發過敏反應
發燒或急性發炎期間：身體處於急性反應期，不適合進補
嬰幼兒：營養需求與成人不同，不建議飲用成人型滴雞精
孕婦或哺乳期婦女：多數情況可飲用，但建議先評估體質並諮詢醫師
體質易上火者：可能出現口乾、喉嚨不適等情況，應減量或避免"
滴雞精可帶出國嗎？,2,"結論：可以帶出國，但需符合航空公司與入境國家的海關規定
是否可帶出境：一般可以，滴雞精屬加工食品，非活體或生鮮
包裝形式影響：未開封常溫包裝較容易攜帶，成功率最高
隨身行李限制：若為液體，單包超過100ml不可帶上機，需托運
托運行李建議：可放入托運行李，注意防漏與外盒保護
入境他國風險：部分國家對動物性產品較嚴格，可能需申報
高風險地區：如澳洲、紐西蘭、美國，動物性食品審查較嚴
是否需要申報：依各國規定，保守做法是主動申報
常見建議做法：選擇原廠密封包裝、保留外盒與成分標示
替代建議：若擔心海關問題，可改為當地購買或選擇植物性營養補充品"
滴雞精為什麼貴？,3,"結論：滴雞精價格偏高，主要來自原料成本高、製程耗時與品質控管嚴格
原料成本高：需使用整隻雞長時間萃取，原料用量大
萃取效率低：一隻雞能滴出的成品有限，單位成本自然提高
製程耗時：採長時間低溫或密閉滴煉，人力與設備成本高
品質控管嚴格：需進行多道食品安全檢驗與滅菌處理
包裝與保存技術：採用高成本無菌包裝以確保常溫保存
品牌與通路成本：知名品牌投入行銷、通路與售後服務
研發與認證費用：需符合食品法規與標示規範，增加固定成本
市場定位因素：多定位為保健補養品而非一般食品"
滴雞精哪一個品牌最好？,2,"結論：沒有絕對最好的滴雞精品牌，需依補養目的、口感偏好與預算選擇
老協珍：補養力較強、口感濃厚，適合術後、產後或體力明顯下降者
娘家：定位女性與孕哺族群，口感順口，適合日常調養與送禮
田原香：成分單純、口感清爽，適合長期飲用與怕腥味者
芳茲：溫和型補養，接受度高，適合上班族日常保養
農純鄉：強調原料來源與製程，口感自然，適合重視品質者
白蘭氏：品牌知名度高、通路廣，適合初次嘗試或臨時補充
補養力整體排序：老協珍＞娘家＞田原香?芳茲?農純鄉
口感清爽度排序：田原香?芳茲?農純鄉＞娘家＞老協珍
選擇建議：需要快速補養選老協珍；日常保養選田原香、芳茲或農純鄉；女性調養或送禮選娘家"
滴雞精哪個品牌比較好？,3,"結論：沒有單一最好的品牌，需依補養目的、口感偏好與預算選擇
老協珍：補養力較強、口感濃厚，適合術後、產後或體力明顯下降者
娘家：定位女性與孕哺族群，口感順口，適合日常調養與送禮
田原香：成分單純、口感清爽，適合長期飲用與怕腥味者
芳茲：溫和型補養、接受度高，適合上班族日常保養
農純鄉：強調原料來源與製程，口感自然，適合重視品質者
白蘭氏：品牌知名度高、通路廣，適合初次嘗試或臨時補充
補養力整體排序：老協珍＞娘家＞田原香?芳茲?農純鄉
口感清爽度排序：田原香?芳茲?農純鄉＞娘家＞老協珍
選擇建議：需要快速補養選老協珍；日常保養選田原香、芳茲或農純鄉；女性調養或送禮選娘家"
滴雞精哪個牌子比較好？,1,"結論：沒有單一最好的滴雞精品牌，需依補養目的、口感偏好與預算選擇
老協珍：補養力較強、口感濃厚，適合術後、產後或體力明顯下降者
娘家：定位女性與孕哺族群，口感順口，適合日常調養與送禮
田原香：成分單純、口感清爽，適合長期飲用與怕腥味者
芳茲：溫和型補養、接受度高，適合上班族日常保養
農純鄉：強調原料來源與製程，口感自然，適合重視品質者
白蘭氏：品牌知名度高、通路廣，適合初次嘗試或臨時補充
補養力整體排序：老協珍＞娘家＞田原香?芳茲?農純鄉
口感清爽度排序：田原香?芳茲?農純鄉＞娘家＞老協珍
選擇建議：需要快速補養選老協珍；日常保養選田原香、芳茲或農純鄉；女性調養或送禮選娘家"
